{
  "version": 2,
  "name": "nova-titan-frontend",
  "builds": [
    {
      "src": "frontend/package.json",
      "use": "@vercel/static-build",
      "config": {
        "distDir": "dist"
      }
    }
  ],
  "routes": [
    {
      "src": "/widget.js",
      "headers": {
        "Access-Control-Allow-Origin": "*",
        "Access-Control-Allow-Methods": "GET, OPTIONS",
        "Access-Control-Allow-Headers": "Content-Type",
        "Cache-Control": "public, max-age=31536000, immutable"
      }
    },
    {
      "src": "/api/(.*)",
      "dest": "https://nova-titan-api.onrender.com/api/$1"
    },
    {
      "src": "/ml/(.*)",  
      "dest": "https://nova-titan-ml.onrender.com/$1"
    },
    {
      "src": "/(.*)",
      "dest": "/frontend/dist/$1"
    }
  ],
  "headers": [
    {
      "source": "/(.*)",
      "headers": [
        {
          "key": "X-Frame-Options",
          "value": "SAMEORIGIN"
        },
        {
          "key": "X-Content-Type-Options", 
          "value": "nosniff"
        },
        {
          "key": "Referrer-Policy",
          "value": "strict-origin-when-cross-origin"
        },
        {
          "key": "Permissions-Policy",
          "value": "camera=(), microphone=(), geolocation=()"
        }
      ]
    },
    {
      "source": "/widget.js",
      "headers": [
        {
          "key": "Access-Control-Allow-Origin",
          "value": "*"
        },
        {
          "key": "Content-Type",
          "value": "application/javascript"
        }
      ]
    }
  ],
  "functions": {
    "frontend/api/widget-config.js": {
      "runtime": "nodejs18.x"
    }
  },
  "env": {
    "VITE_API_URL": "@nova_titan_api_url",
    "VITE_ML_URL": "@nova_titan_ml_url", 
    "VITE_ENVIRONMENT": "production",
    "VITE_SENTRY_DSN": "@sentry_dsn",
    "VITE_GA_TRACKING_ID": "@ga_tracking_id"
  },
  "build": {
    "env": {
      "VITE_API_URL": "@nova_titan_api_url",
      "VITE_ML_URL": "@nova_titan_ml_url",
      "VITE_ENVIRONMENT": "production"
    }
  },
  "outputDirectory": "frontend/dist"
}