{
  "name": "nova-titan-widget",
  "private": true,
  "version": "2.1.0",
  "type": "module",
  "scripts": {
    "dev": "vite",
    "build": "tsc && vite build",
    "preview": "vite preview",
    "lint": "eslint . --ext ts,tsx --report-unused-disable-directives --max-warnings 0"
  },
  "dependencies": {
    "react": "^18.2.0",
    "react-dom": "^18.2.0",
    "framer-motion": "^10.16.4",
    "@tanstack/react-query": "^4.36.1",
    "zustand": "^4.4.4"
  },
  "devDependencies": {
    "@types/react": "^18.2.37",
    "@types/react-dom": "^18.2.15",
    "@typescript-eslint/eslint-plugin": "^6.10.0",
    "@typescript-eslint/parser": "^6.10.0",
    "@vitejs/plugin-react": "^4.1.1",
    "autoprefixer": "^10.4.16",
    "eslint": "^8.53.0",
    "eslint-plugin-react-hooks": "^4.6.0",
    "eslint-plugin-react-refresh": "^0.4.4",
    "postcss": "^8.4.31",
    "tailwindcss": "^3.3.5",
    "typescript": "^5.2.2",
    "vite": "^4.5.0"
  }
}